mechanic,count,idf,weight
Hand Management,4409,1.3822043758683655,0.18963068832570576
Set Collection,2887,1.8055148442965403,0.24770651047254327
Variable Player Powers,2784,1.8418311919478727,0.2526889096913789
Drafting,2289,2.037527247760972,0.2795373109946591
Tile Placement,1789,2.2838634454744566,0.3133332557532611
Area Majority / Influence,1651,2.364092390228334,0.3243402170123475
Simulation,1438,2.5021306374218892,0.34327829034476814
Bluffing,1230,2.6582522181248036,0.36469729561494846
Induction / Deduction,1219,2.667228206581955,0.3659287508897618
Action Points,1167,2.710786180921085,0.371904660675761
Auction,1133,2.74032786002156,0.37595761336490346
Worker Placement,1098,2.771678389905636,0.38025873023668155
Simultaneous Action Selection,1086,2.782657457188048,0.38176499669212527
Deck Building,1028,2.8374916084752075,0.38928793471336204
Push Your Luck,1006,2.859103451590695,0.3922529583795636
Exploration,995,2.870087086724659,0.3937598515186216
Area Movement,982,2.8832252241620906,0.39556233029026683
Bidding,981,2.8842430359547913,0.3957019683598646
Variable Set-up,891,2.980368211729248,0.40888980336153563
Pattern Building,845,3.033314984703034,0.4161538036634708
Point to Point Movement,802,3.0854796303624954,0.4233105004844135
Puzzle,802,3.0854796303624954,0.4233105004844135
Construction,776,3.1183939939416097,0.4278261665684459
Roll / Spin and Move,764,3.1339585104827212,0.4299615309448563
Dexterity,755,3.145792968129724,0.4315851521608958
Drawing,719,3.1945831322991562,0.4382788890470643
End Game Bonuses,710,3.2071619145060164,0.4400046274181988
Memory,707,3.2113902506155374,0.4405847314179544
Turn Order,640,3.310804887388587,0.4542238620198089
Player Elimination,621,3.3408942515700777,0.4583519540303947
Territory Building,613,3.353839416162115,0.46012795800993306
Negotiation,549,3.4639160660827404,0.47522985701811843
Pick-up and Deliver,549,3.4639160660827404,0.47522985701811843
Events,527,3.5047380606029956,0.4808304057176122
Trading,484,3.589685453371774,0.49248471158109736
Movement Points,484,3.589685453371774,0.49248471158109736
Contracts,437,3.691615433932811,0.5064689332434488
Secret Unit Deployment,432,3.7030966163067673,0.5080440870733579
Pattern Recognition,411,3.752810994959731,0.5148646210032433
Action Queue,388,3.810255000690811,0.5227456164169114
Betting,388,3.810255000690811,0.5227456164169114
Voting,385,3.8179969748444265,0.5238077718502043
Income,343,3.933192686935859,0.5396119774781487
Tableau Building,320,4.002393221179242,0.5491059026676383
Line of Sight,305,4.050249242356877,0.5556714803744395
Variable Phase Order,269,4.175412385310882,0.572843161614752
Roll-and-Write,267,4.1828473637984,0.5738631989644306
Stock Holding,258,4.217006282609719,0.5785496110462783
Communication Limits,249,4.2523734264470106,0.583401784825403
Track Movement,246,4.26444600768128,0.585058075262108
Zone of Control,244,4.27257613376453,0.5861734829632106
Market,236,4.305774203174126,0.5907280718960313
Card Play Conflict Resolution,226,4.3488843268278545,0.5966425390797477
Commodity Speculation,226,4.3488843268278545,0.5966425390797477
Ratio / Combat Results Table,220,4.375671642791504,0.6003176085942642
Enclosure,191,4.516338972281476,0.6196163772726399
Tech Trees / Tech Tracks,187,4.537392381479308,0.6225047869372956
Victory Points as a Resource,185,4.548087670596056,0.6239721206199698
Connections,174,4.609048370385743,0.6323355867352268
Hidden Roles,173,4.614779045094728,0.633121803165017
Chit-Pull System,166,4.655840531892502,0.6387552088618025
Maze,161,4.686238009076873,0.6429255722483428
Layering,153,4.736881741895628,0.6498736083575254
Tags,143,4.804021044733257,0.6590847441584875
Score-and-Reset Game,137,4.846580659152052,0.6649236845626825
Action / Event,132,4.883485216087504,0.6699867827963487
Once-Per-Game Abilities,131,4.891032421722886,0.6710222170812923
Rock-Paper-Scissors,129,4.906299893853674,0.6731168286305692
One versus Many,124,4.945520607006956,0.6784976905072431
Sudden Death Ending,122,4.9616499889368395,0.6807105512469657
Hidden Victory Points,117,5.003149719843592,0.6864040815776269
Ownership,115,5.020244153202892,0.6887493419610093
Chaining,113,5.037635895914762,0.6911353915201155
Action Retrieval,111,5.055335473014162,0.693563674230713
Hidden Movement,111,5.055335473014162,0.693563674230713
Move Through Deck,100,5.158713827467998,0.7077466046680034
Matching,91,5.252045767260217,0.7205512233586748
Measurement Movement,88,5.285197974577117,0.7250995202695935
Resource to Move,86,5.307926225654674,0.7282177088468571
Ladder Climbing,85,5.319487048055749,0.7298037888418288
Delayed Purchase,84,5.331183087818941,0.7314084199005212
Bingo,84,5.331183087818941,0.7314084199005212
Increase Value of Unchosen Resources,82,5.354993736512659,0.7346751073601341
Flip-and-Write,82,5.354993736512659,0.7346751073601341
Critical Hits and Failures,77,5.417125517619666,0.74319923926416
Interrupts,76,5.430028922455573,0.7449695140393655
Flicking,76,5.430028922455573,0.7449695140393655
Investment,75,5.443101004022926,0.746762930316108
Roles with Asymmetric Information,75,5.443101004022926,0.746762930316108
Melding and Splaying,74,5.4563462307729464,0.7485801011408337
Follow,73,5.469769251105087,0.7504216642478776
"I Cut, You Choose",71,5.497168225293202,0.7541806498403276
Programmed Movement,70,5.511154467267942,0.7560994837979278
Tug of War,68,5.539727839711998,0.7600195902445225
Stat Check Resolution,65,5.584179602282831,0.7661181227631324
Catch the Leader,65,5.584179602282831,0.7661181227631324
n in a Row,63,5.614951260949585,0.7703398217504722
Alliances,60,5.662960480135946,0.7769264173648651
Finger Flicking,59,5.679489782087156,0.7791941448885769
Bias,58,5.696296900403538,0.7814999872594669
Slide / Push,57,5.7133913337628375,0.7838452476428494
Area-Impulse,56,5.730783076474707,0.7862312972019556
Player Judge,53,5.784850297744983,0.7936490167261753
Speed Matching,50,5.842008711584931,0.8014908305341119
Finale Ending,49,5.861811338881111,0.8042076399368261
Loans,48,5.8820140461986306,0.8069793380746338
Give a Clue / Get a Clue,47,5.902633333401366,0.8098081886363199
Random Production,45,5.945192947820162,0.815647129040515
Automatic Resource Growth,43,5.989644710390996,0.8217456615591248
Highest-Lowest Scoring,43,5.989644710390996,0.8217456615591248
Static Capture,43,5.989644710390996,0.8217456615591248
Movement Template,43,5.989644710390996,0.8217456615591248
King of the Hill,40,6.0602622776049495,0.8314339957247981
Hot Potato,40,6.0602622776049495,0.8314339957247981
Targeted Clues,40,6.0602622776049495,0.8314339957247981
Ordering,40,6.0602622776049495,0.8314339957247981
Single Loser Game,39,6.084954890195321,0.8348216836845692
Kill Steal,38,6.110272698179611,0.8382951449460001
Lose a Turn,37,6.136248184582872,0.841858835997948
Physical Removal,37,6.136248184582872,0.841858835997948
Bribery,36,6.162916431665033,0.8455175699297177
Advantage Token,34,6.2184862828198435,0.85314144184665
Minimap Resolution,32,6.277326782842777,0.8612140284449724
Pattern Movement,32,6.277326782842777,0.8612140284449724
Neighbor Scope,28,6.406538514322783,0.8789411533246895
Force Commitment,26,6.477997478304928,0.8887449224080153
Prisoner's Dilemma,25,6.515737806287775,0.8939226837419924
Moving Multiple Units,25,6.515737806287775,0.8939226837419924
Relative Movement,24,6.5549585194410565,0.8993035456186662
Impulse Movement,17,6.883462586413092,0.9443724612040076
Questions and Answers,16,6.940621000253041,0.9522142750119443
Resource Queue,11,7.288927694521257,1.0
