name,description,properties,games_count
Two-Player Wargames,Tactical grid-based simulations for competitive two-player wargaming experiences,"[""type::War Game"", ""mech::Simulation"", ""comp::Dice"", ""comp::Grid"", ""type::Two-Player""]",993
Family Set-Collection Card Games,Family-friendly games combining card play with collecting and completing sets through drafting,"[""mech::Set Collection"", ""comp::Cards"", ""type::Card Game"", ""type::Family"", ""mech::Drafting"", ""mech::Hand Management"", ""type::Strategy""]",635
Cooperative Dice Strategy,Cooperative puzzle-like games with dice and varied player roles on grids,"[""type::Solitaire"", ""type::Cooperative"", ""comp::Dice"", ""mech::Variable Player Powers"", ""type::Strategy"", ""comp::Grid""]",453
Economic Auction Set Collection Games,Family economic games driven by bidding and auction decisions,"[""mech::Bidding"", ""mech::Auction"", ""type::Economic"", ""type::Strategy"", ""mech::Set Collection"", ""type::Family""]",428
Family Abstract Tile Placement,Family-friendly abstract games featuring strategic tile placement and drafting,"[""mech::Tile Placement"", ""type::Strategy"", ""type::Abstract"", ""comp::Grid"", ""type::Family"", ""mech::Drafting""]",388
Take-That Family Card Games,Family card games where players actively attack and interfere with each other's progress,"[""type::Take That"", ""mech::Hand Management"", ""comp::Cards"", ""type::Card Game"", ""mech::Variable Player Powers"", ""mech::Set Collection"", ""type::Family""]",366
Simultaneous Action Card Games,Family card games where all players choose and reveal actions simultaneously without knowing others' choices,"[""mech::Simultaneous Action Selection"", ""mech::Hand Management"", ""comp::Cards"", ""type::Card Game"", ""type::Family""]",283
Family Dice Games,Simple solo-playable dice games for families with variable player abilities,"[""type::Dice Game"", ""comp::Dice"", ""type::Solitaire"", ""type::Family"", ""mech::Variable Player Powers""]",260
Two-Player Abstract Tile Games,Strategic abstract games with pattern building and tile placement for two players,"[""type::Abstract"", ""type::Strategy"", ""mech::Pattern Building"", ""comp::Grid"", ""mech::Tile Placement"", ""type::Two-Player"", ""type::Family""]",247
Cooperative Bluffing Mystery Games,Party style mystery games built on bluffing and deduction,"[""mech::Induction / Deduction"", ""type::Murder / Mystery"", ""mech::Bluffing"", ""type::Cooperative"", ""type::Party Game"", ""type::Card Game""]",227
Roll-and-Write Family Games,Accessible dice-rolling games where players draw or write results simultaneously,"[""mech::Roll-and-Write"", ""mech::Drawing"", ""type::Dice Game"", ""comp::Dice"", ""type::Solitaire"", ""type::Family""]",219
Cooperative Miniatures Adventure Games,Explore modular boards in tactical cooperative combat,"[""mech::Exploration"", ""comp::Modular Board"", ""type::Cooperative"", ""type::Solitaire"", ""mech::Variable Player Powers"", ""type::Fighting"", ""comp::Miniatures"", ""comp::Dice"", ""comp::Grid""]",199
Area Control Wargames,Strategic wargames focused on controlling territories and managing combat resources,"[""mech::Area Majority / Influence"", ""type::Strategy"", ""mech::Hand Management"", ""type::War Game"", ""mech::Variable Player Powers""]",191
Family Trick-Taking Card Games,Family card games centered on taking tricks and managing hand values across multiple rounds,"[""type::Trick-taking"", ""type::Card Game"", ""comp::Cards"", ""mech::Hand Management"", ""type::Family""]",177
Complex Tactical Wargames,Detailed two-player wargame simulations with movement systems and combat results tables,"[""mech::Ratio / Combat Results Table"", ""mech::Zone of Control"", ""mech::Movement Points"", ""mech::Simulation"", ""type::War Game"", ""comp::Grid"", ""type::Two-Player"", ""comp::Dice"", ""mech::Variable Set-up""]",175
Multi-Use Drafting Card Games,Strategic card games where each card has multiple possible uses that players must choose from during drafting,"[""comp::Multi-Use Cards"", ""comp::Cards"", ""mech::Hand Management"", ""type::Card Game"", ""type::Strategy"", ""mech::Drafting"", ""type::Solitaire"", ""mech::Variable Player Powers"", ""mech::Set Collection""]",171
Bluffing & Betting Party Card Games,Family party card games centered on bluffing and betting mechanics with hidden information,"[""mech::Bluffing"", ""mech::Betting"", ""mech::Induction / Deduction"", ""type::Party Game"", ""comp::Cards"", ""type::Card Game"", ""mech::Hand Management"", ""type::Family"", ""mech::Variable Player Powers""]",166
Family Route Building Games,Accessible economic games about building networks and placing tiles,"[""comp::Network and Route Building"", ""type::Economic"", ""type::Strategy"", ""mech::Tile Placement"", ""comp::Grid"", ""type::Family""]",166
Push-Your-Luck Family Games,Family games where players push their luck to maximize scores at the risk of losing accumulated progress,"[""mech::Push Your Luck"", ""type::Dice Game"", ""comp::Dice"", ""type::Family"", ""comp::Cards"", ""type::Card Game"", ""mech::Set Collection""]",149
Deck-Building & Drafting Card Games,Games where players build custom decks throughout play by drafting cards from common pools,"[""mech::Deck Building"", ""comp::Cards"", ""type::Card Game"", ""mech::Hand Management"", ""mech::Drafting"", ""type::Solitaire"", ""type::Fighting"", ""mech::Variable Player Powers"", ""type::Strategy"", ""type::Cooperative""]",141
Print & Play Solo Card Games,Downloadable card games designed for solo play without expensive production components,"[""type::Print & Play"", ""type::Solitaire"", ""type::Card Game"", ""comp::Cards"", ""comp::Dice""]",136
Customizable Two-Player Card Fighting Games,Collectible two-player card fighting games where competitive decks are customized from available cards,"[""type::Customizable Game"", ""comp::Collectible"", ""type::Fighting"", ""mech::Deck Building"", ""type::Card Game"", ""comp::Cards"", ""type::Two-Player"", ""mech::Variable Player Powers"", ""mech::Hand Management""]",134
Number Family Card Games,Family card games centered on number values and matching or ordering mechanics,"[""type::Number"", ""type::Card Game"", ""comp::Cards"", ""type::Family"", ""mech::Hand Management"", ""mech::Set Collection""]",123
Auction Worker Economic Games,"Economic strategy games combining worker placement, auctions, bidding, and set-collection mechanics","[""type::Economic"", ""type::Strategy"", ""mech::Auction"", ""mech::Bidding"", ""mech::Worker Placement"", ""mech::Set Collection"", ""mech::Drafting""]",110
Family Pattern Tile Placement Games,Family-friendly abstract tile-placement games focused on pattern building and drafting,"[""mech::Pattern Building"", ""type::Abstract"", ""mech::Tile Placement"", ""mech::Puzzle"", ""type::Strategy"", ""type::Family"", ""comp::Grid"", ""mech::Drafting"", ""mech::Set Collection""]",106
Cooperative Miniatures Adventure Games,"Cooperative adventure games blending exploration, deduction, and variable player powers, often playable solo","[""type::Cooperative"", ""type::Solitaire"", ""mech::Variable Player Powers"", ""mech::Induction / Deduction"", ""mech::Exploration"", ""comp::Dice"", ""comp::Miniatures"", ""mech::Puzzle"", ""type::Role Playing"", ""comp::Modular Board"", ""type::Fighting"", ""mech::Action Points""]",100
Take-That Party Elimination Games,"Party-style card games featuring player elimination, bluffing, and aggressive take-that mechanics","[""mech::Player Elimination"", ""mech::Bluffing"", ""type::Party Game"", ""type::Take That"", ""mech::Variable Player Powers"", ""comp::Cards"", ""type::Card Game"", ""type::Fighting"", ""mech::Hand Management""]",99
Tactical Miniatures War Games,Combat focused cooperative and solo games with action points and miniatures,"[""mech::Action Points"", ""comp::Miniatures"", ""mech::Variable Player Powers"", ""comp::Dice"", ""type::Fighting"", ""comp::Modular Board"", ""type::Cooperative"", ""type::Strategy"", ""type::Solitaire"", ""comp::Grid"", ""type::War Game"", ""mech::Hand Management""]",88
Area Movement War Games,Tactical war games about moving forces and controlling territory,"[""mech::Area Movement"", ""type::War Game"", ""mech::Area Majority / Influence"", ""comp::Dice"", ""mech::Variable Player Powers"", ""comp::Miniatures"", ""mech::Simulation"", ""type::Strategy"", ""type::Solitaire""]",87
Miniatures-Focused Fighting Games,Combat games emphasizing detailed miniature figures with modular boards and variable abilities,"[""type::Fighting"", ""mech::Variable Player Powers"", ""comp::Miniatures"", ""comp::Dice"", ""mech::Hand Management"", ""comp::Modular Board"", ""comp::Cards"", ""type::Cooperative"", ""type::Card Game"", ""type::Two-Player"", ""comp::Grid"", ""type::Solitaire""]",86
Event-Driven War Simulations,Solo and cooperative war games with variable setups and random events,"[""mech::Events"", ""mech::Variable Set-up"", ""comp::Dice"", ""mech::Simulation"", ""type::War Game"", ""type::Solitaire"", ""mech::Variable Player Powers"", ""comp::Grid"", ""type::Cooperative""]",82
Territory Control Strategy,Strategic games about building territories and maintaining control through placement,"[""mech::Territory Building"", ""mech::Area Majority / Influence"", ""mech::Tile Placement"", ""type::Strategy"", ""comp::Modular Board"", ""comp::Grid"", ""mech::Set Collection""]",79
Hex Tile Abstract Games,Abstract strategy games on hex grids with tile placement,"[""comp::Hexagonal"", ""comp::Grid"", ""type::Abstract"", ""mech::Tile Placement"", ""type::Strategy"", ""comp::Modular Board""]",78
Score-and-Reset Family Card Games,Family games where players score points then reset the playing area for the next round,"[""mech::Score-and-Reset Game"", ""type::Card Game"", ""comp::Cards"", ""type::Family"", ""mech::Hand Management""]",77
Deck-Progression Cooperative Solitaires,Cooperative and solo card games where the deck moves through the play area as a core mechanic,"[""mech::Move Through Deck"", ""type::Solitaire"", ""comp::Cards"", ""type::Card Game"", ""type::Cooperative"", ""mech::Hand Management""]",75
Party RPG Adventures,Social role-playing games combining exploration with team-based party play,"[""type::Role Playing"", ""mech::Exploration"", ""mech::Variable Player Powers"", ""type::Cooperative"", ""type::Party Game"", ""type::Fighting"", ""comp::Miniatures"", ""comp::Dice"", ""type::Team-Based Game"", ""comp::Modular Board"", ""type::Solitaire""]",67
Adult Party Card Games,Mature-themed party games featuring adult humor and card-based social interactions,"[""type::Mature / Adult"", ""type::Party Game"", ""type::Card Game"", ""comp::Cards"", ""mech::Hand Management""]",67
Economic Stock Trading,Strategic economic games focused on stock holdings and commodity speculation,"[""mech::Stock Holding"", ""type::Economic"", ""comp::Network and Route Building"", ""mech::Commodity Speculation"", ""mech::Bidding"", ""mech::Auction"", ""type::Strategy"", ""mech::Tile Placement""]",66
Real-Time Dexterity Party Games,Fast family party games that reward quick reactions and puzzle solving,"[""type::Real-Time"", ""mech::Dexterity"", ""mech::Puzzle"", ""type::Party Game"", ""type::Cooperative"", ""type::Family""]",66
Exploration Map Building Games,Strategy games about revealing maps and expanding the board,"[""comp::Map Addition"", ""mech::Exploration"", ""mech::Tile Placement"", ""comp::Modular Board"", ""comp::Grid"", ""type::Strategy""]",64
Ladder-Climbing Family Card Games,Family card games where players beat the current highest card to climb a hierarchy,"[""mech::Ladder Climbing"", ""type::Card Game"", ""comp::Cards"", ""mech::Hand Management"", ""type::Family""]",64
Communication-Limited Cooperative Party Games,Cooperative party games where direct communication between players is restricted or limited,"[""mech::Communication Limits"", ""type::Cooperative"", ""mech::Induction / Deduction"", ""type::Party Game"", ""mech::Memory"", ""type::Team-Based Game"", ""comp::Cards"", ""type::Card Game"", ""mech::Hand Management""]",63
One-vs-Many Skirmish Games,Asymmetric battles with hidden information and variable roles,"[""mech::One versus Many"", ""type::Team-Based Game"", ""mech::Induction / Deduction"", ""mech::Variable Player Powers"", ""comp::Miniatures"", ""comp::Dice""]",58
Economic Ownership Games,Strategy games about ownership expansion and route development,"[""mech::Ownership"", ""type::Economic"", ""comp::Network and Route Building"", ""mech::Variable Set-up"", ""type::Strategy"", ""mech::Tile Placement""]",58
Contract Worker Placement Games,Economic strategy games centered on contracts income and worker placement,"[""mech::End Game Bonuses"", ""mech::Contracts"", ""mech::Income"", ""mech::Variable Set-up"", ""mech::Turn Order"", ""mech::Drafting"", ""type::Strategy"", ""mech::Worker Placement"", ""mech::Set Collection"", ""type::Solitaire"", ""type::Economic"", ""mech::Tile Placement""]",56
Hidden-Role Traitor Party Games,Party games where players work together but hidden traitors secretly try to sabotage the group,"[""mech::Hidden Roles"", ""type::Traitor Game"", ""mech::Induction / Deduction"", ""mech::Bluffing"", ""mech::Voting"", ""type::Team-Based Game"", ""type::Party Game"", ""mech::Player Elimination"", ""mech::Variable Player Powers"", ""type::Card Game"", ""comp::Cards"", ""mech::Hand Management""]",56
Family Construction Strategy Games,Family friendly economic games about construction and worker placement,"[""mech::Construction"", ""mech::Tile Placement"", ""type::Strategy"", ""type::Economic"", ""mech::Worker Placement"", ""mech::Drafting"", ""mech::Set Collection"", ""type::Solitaire"", ""type::Family""]",55
Industrial Economic Strategy,Strategic games simulating industrial management with economic mechanics,"[""type::Industry / Manufacturing"", ""type::Economic"", ""mech::Worker Placement"", ""type::Strategy"", ""mech::Auction"", ""mech::Drafting"", ""type::Solitaire""]",54
Escape Room Puzzle Hybrid Games,Games combining escape room puzzle mechanics with board game and card game elements,"[""type::Escape Room"", ""mech::Puzzle"", ""comp::Digital Hybrid"", ""type::Cooperative"", ""type::Real-Time"", ""mech::Induction / Deduction"", ""type::Murder / Mystery"", ""type::Solitaire"", ""type::Card Game"", ""comp::Cards""]",53
Card-Driven Skirmish & Duel Games,Combat games where card play drives all conflict resolution and tactical skirmish actions,"[""mech::Card Play Conflict Resolution"", ""comp::Cards"", ""mech::Hand Management"", ""type::Fighting"", ""comp::Miniatures"", ""mech::Variable Player Powers"", ""type::Card Game"", ""type::Two-Player"", ""mech::Deck Building"", ""type::Strategy"", ""type::Solitaire"", ""type::War Game""]",52
Strategic Multi-Use Card Games,Strategy games featuring multi-use cards where players must decide how to utilize each card,"[""mech::Tags"", ""mech::End Game Bonuses"", ""comp::Multi-Use Cards"", ""mech::Variable Set-up"", ""mech::Drafting"", ""mech::Hand Management"", ""type::Strategy"", ""mech::Set Collection"", ""comp::Cards"", ""type::Card Game""]",52
Party Game Negotiation,"Social party games built on voting, bluffing, and negotiation mechanics","[""mech::Voting"", ""type::Party Game"", ""mech::Negotiation"", ""mech::Bluffing"", ""mech::Induction / Deduction"", ""type::Team-Based Game"", ""type::Card Game"", ""mech::Variable Player Powers""]",52
Children's Party Dexterity,Fun real-time party games for kids emphasizing physical play and quick reactions,"[""mech::Dexterity"", ""type::Childrens Game"", ""type::Real-Time"", ""type::Party Game"", ""type::Family""]",52
Economic Commodity Trading,Strategic economic games centered on speculation and trading commodities,"[""mech::Commodity Speculation"", ""type::Economic"", ""mech::Stock Holding"", ""mech::Bidding"", ""type::Strategy"", ""mech::Auction"", ""mech::Set Collection""]",51
Music-Themed Party Card Games,Party card games with music-related themes and mechanics for social play,"[""type::Music"", ""type::Party Game"", ""comp::Cards"", ""type::Card Game"", ""type::Cooperative"", ""mech::Set Collection""]",50
